[
  {
    "queue_id": "1766495656",
    "queued_at": "2025-12-24T00:14:16.709451Z",
    "ready_at": "2025-12-26T00:14:16.709451Z",
    "elapsed_seconds": 805.73,
    "payload": {
      "symbol": "BTCUSDT",
      "category": "spot",
      "agg_minutes": 1,
      "backtest_days": 30,
      "starting_balance": 472,
      "long_params": {
        "swing_lookback": 15,
        "bos_lookback": 2,
        "fib_low": 0.55,
        "fib_high": 0.7,
        "direction": "long",
        "pnl_pct": 29.193160474605456,
        "pnl_value": 137.79171744013775,
        "final_balance": 609.7917174401377,
        "avg_win": 15.699649968846359,
        "avg_loss": 0.0,
        "win_rate": 100.0,
        "rr_ratio": null,
        "sharpe": 4.940388667611646,
        "wins": 2,
        "losses": 0
      },
      "short_params": {},
      "combined": {
        "Total Trades": 2,
        "Wins": 2,
        "Losses": 0,
        "Win Rate %": 100.0,
        "Total PnL": 137.79,
        "Combined Final Balance": 609.79,
        "Average Win": 15.7,
        "Average Loss": 0.0
      }
    }
  }
]
