{
  "generated_at": "2025-12-29T08:15:40.162946Z",
  "symbol": "SOLUSDT",
  "category": "linear",
  "agg_minutes": 5,
  "leverage": 3,
  "spread_bps": 2,
  "slippage_bps": 3,
  "order_reject_prob": 0.01,
  "max_fill_latency": 0.5,
  "params": {
    "highest_high_lookback": 30,
    "exit_type": "midpoint",
    "pnl_pct": 81.85248052080456,
    "pnl_value": 386.34370805819754,
    "final_balance": 858.3437080581975,
    "avg_win": 3.6372409398804497,
    "avg_loss": -7.496199974928765,
    "win_rate": 97.72727272727273,
    "rr_ratio": 0.48521130066504314,
    "sharpe": 2.7324027661237213,
    "drawdown": 0,
    "wins": 43,
    "losses": 1
  },
  "results": {
    "Total Trades": 44,
    "Wins": 43,
    "Losses": 1,
    "Win Rate %": 97.73,
    "Total PnL": 386.34,
    "Final Balance": 858.34,
    "Average Win": 3.64,
    "Average Loss": -7.5
  }
}